Fecha,Canal,Tipo Cliente,Total,Cantidad Productos
2026-06-30,Local,Mayorista,225000,9
2026-06-30,Local,Mayorista,192000,9
2026-06-30,Local,Mayorista,105000,5
2026-06-30,Local,Minorista,26000,1
2026-06-29,Local,Mayorista,357000,17
2026-06-29,Local,Mayorista,140000,5
2026-06-29,Local,Mayorista,105000,5
2026-06-29,Local,Mayorista,105000,5
2026-06-29,Local,Mayorista,84000,4
2026-06-29,Local,Minorista,75000,3
2026-06-29,Local,Minorista,63000,3
2026-06-29,Local,Minorista,27000,1
2026-06-27,Local,Minorista,52000,2
2026-06-27,Local,Minorista,26000,1
2026-06-27,Local,Minorista,26000,1
2026-06-27,Local,Minorista,26000,1
2026-06-27,Local,Minorista,20000,1
2026-06-26,Local,Mayorista,750000,30
2026-06-26,Local,Mayorista,504000,24
2026-06-26,Local,Mayorista,168000,8
2026-06-26,Local,Mayorista,105000,5
2026-06-26,Local,Minorista,78000,3
2026-06-26,Local,Minorista,63000,3
2026-06-26,Local,Minorista,40000,2
2026-06-25,Local,Mayorista,745000,30
2026-06-25,Local,Mayorista,273000,13
2026-06-25,Local,Mayorista,126000,6
2026-06-25,Local,Minorista,52000,2
2026-06-25,Local,Minorista,40000,2
2026-06-24,Local,Mayorista,1129000,53
2026-06-24,Local,Mayorista,231000,11
2026-06-24,Local,Mayorista,168000,8
2026-06-24,Local,Mayorista,126000,6
2026-06-24,Local,Mayorista,115000,5
2026-06-24,Local,Mayorista,80000,4
2026-06-24,Local,Minorista,24000,1
2026-06-23,Local,Mayorista,336000,16
2026-06-23,Local,Mayorista,300000,12
2026-06-23,Local,Mayorista,252000,12
2026-06-23,Local,Mayorista,224000,8
2026-06-23,Local,Mayorista,189000,9
2026-06-23,Local,Mayorista,175000,7
2026-06-23,Local,Mayorista,168000,8
2026-06-23,Local,Mayorista,168000,8
2026-06-23,Local,Mayorista,168000,8
2026-06-23,Local,Mayorista,147000,7
2026-06-23,Local,Mayorista,126000,6
2026-06-23,Local,Mayorista,125000,5
2026-06-23,Local,Mayorista,105000,5
2026-06-23,Local,Mayorista,84000,4
2026-06-23,Local,Minorista,44000,2
2026-06-23,Local,Minorista,40000,2
2026-06-23,Local,Minorista,27000,1
2026-06-22,Local,Mayorista,126000,6
2026-06-20,Local,Mayorista,180000,9
2026-06-20,Local,Minorista,54000,2
2026-06-20,Local,Minorista,52000,2
2026-06-20,Local,Minorista,30000,1
2026-06-20,Local,Minorista,30000,1
2026-06-20,Local,Minorista,28000,1
2026-06-20,Local,Minorista,26000,1
2026-06-18,Local,Mayorista,147000,7
2026-06-18,Local,Mayorista,84000,4
2026-06-17,Local,Mayorista,336000,16
2026-06-17,Local,Mayorista,294000,14
2026-06-17,Local,Mayorista,100000,5
2026-06-17,Local,Mayorista,84000,4
2026-06-17,Local,Mayorista,84000,4
2026-06-17,Local,Minorista,63000,3
2026-06-17,Local,Minorista,63000,3
2026-06-17,Local,Minorista,63000,3
2026-06-17,Local,Minorista,20000,1
2026-06-16,Local,Mayorista,147000,7
2026-06-16,Local,Mayorista,84000,4
2026-06-16,Local,Minorista,26000,1
2026-06-15,Local,Minorista,52000,2
2026-06-15,Local,Minorista,28000,1
2026-06-15,Local,Minorista,26000,1
2026-06-13,Local,Mayorista,240000,12
2026-06-13,Local,Mayorista,120000,4
2026-06-13,Local,Minorista,78000,3
2026-06-13,Local,Minorista,60000,2
2026-06-13,Local,Minorista,27000,1
2026-06-13,Local,Minorista,26000,1
2026-06-13,Local,Minorista,26000,1
2026-06-13,Local,Minorista,23000,1
2026-06-13,Local,Minorista,23000,1
2026-06-12,Local,Minorista,69000,3
2026-06-12,Local,Minorista,52000,2
2026-06-12,Local,Minorista,52000,2
2026-06-12,Local,Minorista,40000,2
2026-06-12,Local,Minorista,30000,1
2026-06-12,Local,Minorista,28000,1
2026-06-12,Local,Minorista,26000,1
2026-06-11,Local,Mayorista,189000,9
2026-06-11,Local,Mayorista,84000,4
2026-06-11,Local,Minorista,46000,2
2026-06-10,Local,Mayorista,314000,14
2026-06-10,Local,Mayorista,168000,8
2026-06-10,Local,Mayorista,105000,5
2026-06-10,Local,Minorista,63000,3
2026-06-10,Local,Minorista,50000,2
2026-06-10,Local,Minorista,44000,2
2026-06-10,Local,Minorista,24000,1
2026-06-09,Tiendanube,Minorista,161500,5
2026-06-09,Local,Mayorista,105000,5
2026-06-09,Local,Mayorista,84000,4
2026-06-08,Local,Mayorista,110000,5
2026-06-08,Local,Mayorista,84000,4
2026-06-08,Local,Mayorista,80000,4
2026-06-08,Local,Minorista,46000,2
2026-06-06,Local,Minorista,66000,3
2026-06-06,Local,Minorista,60000,2
2026-06-06,Local,Minorista,52000,2
2026-06-06,Local,Minorista,42000,2
2026-06-06,Local,Minorista,42000,2
2026-06-06,Local,Minorista,26000,1
2026-06-05,Local,Mayorista,240000,12
2026-06-05,Local,Mayorista,240000,12
2026-06-05,Local,Mayorista,168000,8
2026-06-04,Local,Mayorista,126000,6
2026-06-04,Local,Mayorista,84000,4
2026-06-04,Local,Mayorista,84000,4
2026-06-04,Local,Minorista,78000,3
2026-06-04,Local,Minorista,52000,2
2026-06-04,Local,Minorista,44000,2
2026-06-04,Local,Minorista,25000,1
2026-06-04,Local,Minorista,24000,1
2026-06-03,Local,Minorista,63000,3
2026-06-03,Local,Minorista,42000,2
2026-06-03,Local,Minorista,26000,1
2026-06-02,Local,Mayorista,84000,4
2026-06-02,Local,Minorista,26000,1
2026-06-02,Local,Minorista,25000,1
2026-06-01,Local,Mayorista,378000,18
2026-06-01,Local,Mayorista,280000,14
2026-06-01,Local,Mayorista,273000,13
2026-06-01,Local,Mayorista,88000,4
2026-06-01,Local,Mayorista,80000,4
2026-06-01,Local,Minorista,54000,2
2026-06-01,Local,Minorista,50000,2
2026-06-01,Local,Minorista,44000,2
2026-05-29,Local,Mayorista,207000,9
2026-05-29,Local,Mayorista,184000,8
2026-05-29,Local,Mayorista,168000,8
2026-05-29,Local,Mayorista,126000,6
2026-05-29,Local,Mayorista,104000,4
2026-05-29,Local,Minorista,78000,3
2026-05-29,Local,Minorista,78000,3
2026-05-29,Local,Minorista,63000,3
2026-05-29,Local,Minorista,52000,2
2026-05-29,Local,Minorista,42000,2
2026-05-29,Local,Minorista,42000,2
2026-05-29,Local,Minorista,30000,1
2026-05-29,Local,Minorista,30000,1
2026-05-29,Local,Minorista,26000,1
2026-05-29,Local,Minorista,25000,1
2026-05-28,Local,Minorista,63000,3
2026-05-28,Local,Minorista,50000,2
2026-05-27,Local,Mayorista,114000,6
2026-05-27,Local,Mayorista,95000,5
2026-05-27,Local,Mayorista,84000,4
2026-05-27,Local,Minorista,75000,3
2026-05-27,Local,Minorista,60000,3
2026-05-27,Local,Minorista,44000,2
2026-05-27,Local,Minorista,25000,1
2026-05-27,Local,Minorista,20000,1
2026-05-26,Local,Mayorista,95000,5
2026-05-26,Local,Minorista,25000,1
2026-05-23,Local,Mayorista,105000,5
2026-05-23,Local,Minorista,56000,2
2026-05-23,Local,Minorista,56000,2
2026-05-23,Local,Minorista,28000,1
2026-05-23,Local,Minorista,25000,1
2026-05-23,Local,Minorista,24000,1
2026-05-23,Local,Minorista,24000,1
2026-05-22,Local,Minorista,50000,2
2026-05-22,Local,Minorista,26000,1
2026-05-22,Local,Minorista,25000,1
2026-05-21,Local,Mayorista,171000,9
2026-05-21,Local,Minorista,46000,2
2026-05-21,Local,Minorista,28000,1
2026-05-20,Local,Mayorista,456000,24
2026-05-20,Local,Mayorista,342000,18
2026-05-20,Local,Mayorista,95000,5
2026-05-19,Local,Mayorista,966000,42
2026-05-19,Local,Mayorista,280000,14
2026-05-19,Local,Mayorista,273000,13
2026-05-19,Local,Minorista,28000,1
2026-05-18,Local,Mayorista,485000,23
2026-05-18,Local,Mayorista,152000,8
2026-05-18,Local,Mayorista,132000,6
2026-05-18,Local,Mayorista,132000,6
2026-05-18,Local,Mayorista,114000,6
2026-05-18,Local,Mayorista,88000,4
2026-05-18,Local,Mayorista,80000,4
2026-05-18,Local,Minorista,60000,3
2026-05-18,Local,Minorista,57000,3
2026-05-18,Local,Minorista,52000,2
2026-05-18,Local,Minorista,40000,2
2026-05-18,Local,Minorista,38000,2
2026-05-18,Local,Minorista,28000,1
2026-05-18,Local,Minorista,24000,1
2026-05-18,Local,Minorista,24000,1
2026-05-16,Local,Mayorista,266000,14
2026-05-16,Local,Minorista,28000,1
2026-05-16,Local,Minorista,28000,1
2026-05-16,Local,Minorista,26000,1
2026-05-16,Local,Minorista,24000,1
2026-05-16,Local,Minorista,24000,1
2026-05-15,Local,Mayorista,352000,16
2026-05-15,Local,Mayorista,266000,14
2026-05-15,Local,Mayorista,259000,13
2026-05-15,Local,Mayorista,252000,12
2026-05-15,Local,Mayorista,152000,8
2026-05-15,Local,Minorista,66000,3
2026-05-15,Local,Minorista,48000,2
2026-05-15,Local,Minorista,26000,1
2026-05-14,Local,Mayorista,207000,9
2026-05-14,Local,Minorista,24000,1
2026-05-13,Local,Mayorista,933000,47
2026-05-13,Local,Mayorista,230000,12
2026-05-13,Local,Mayorista,76000,4
2026-05-13,Local,Mayorista,76000,4
2026-05-13,Local,Minorista,69000,3
2026-05-13,Local,Minorista,25000,1
2026-05-13,Local,Minorista,25000,1
2026-05-13,Local,Minorista,24000,1
2026-05-12,Local,Mayorista,216000,12
2026-05-12,Local,Mayorista,152000,8
2026-05-12,Local,Mayorista,100000,5
2026-05-12,Local,Mayorista,92000,4
2026-05-12,Local,Mayorista,88000,4
2026-05-12,Local,Mayorista,88000,4
2026-05-12,Local,Mayorista,76000,4
2026-05-12,Local,Minorista,60000,3
2026-05-12,Local,Minorista,60000,3
2026-05-12,Local,Minorista,52000,2
2026-05-12,Local,Minorista,26000,1
2026-05-12,Local,Minorista,26000,1
2026-05-12,Local,Minorista,25000,1
2026-05-12,Local,Minorista,24000,1
2026-05-12,Local,Minorista,23000,1
2026-05-11,Local,Minorista,60000,3
2026-05-09,Local,Minorista,28000,1
2026-05-09,Local,Minorista,26000,1
2026-05-09,Local,Minorista,24000,1
2026-05-09,Local,Minorista,24000,1
2026-05-08,Local,Mayorista,627000,33
2026-05-08,Local,Mayorista,209000,11
2026-05-08,Local,Mayorista,115000,5
2026-05-08,Local,Mayorista,114000,6
2026-05-08,Local,Minorista,56000,2
2026-05-08,Local,Minorista,46000,2
2026-05-08,Local,Minorista,26000,1
2026-05-07,Local,Mayorista,489000,23
2026-05-07,Local,Mayorista,132000,6
2026-05-07,Local,Minorista,56000,2
2026-05-07,Local,Minorista,25000,1
2026-05-06,Local,Mayorista,276000,12
2026-05-06,Local,Mayorista,115000,5
2026-05-06,Local,Mayorista,95000,5
2026-05-06,Local,Mayorista,76000,4
2026-05-06,Local,Mayorista,76000,4
2026-05-06,Local,Mayorista,76000,4
2026-05-06,Local,Mayorista,76000,4
2026-05-06,Local,Minorista,50000,2
2026-05-06,Local,Minorista,28000,1
2026-05-06,Local,Minorista,23000,1
2026-05-05,Local,Mayorista,399000,21
2026-05-05,Local,Mayorista,240000,12
2026-05-05,Local,Mayorista,171000,9
2026-05-05,Local,Mayorista,100000,4
2026-05-05,Local,Mayorista,95000,5
2026-05-05,Local,Mayorista,95000,5
2026-05-05,Local,Minorista,75000,3
2026-05-05,Local,Minorista,60000,3
2026-05-05,Local,Minorista,57000,3
2026-05-05,Local,Minorista,57000,3
2026-05-05,Local,Minorista,46000,2
2026-05-05,Local,Minorista,42000,2
2026-05-05,Local,Minorista,28000,1
2026-05-05,Local,Minorista,26000,1
2026-05-05,Local,Minorista,24000,1
2026-05-05,Local,Minorista,23000,1
2026-05-05,Local,Minorista,19000,1
2026-05-04,Local,Mayorista,608000,32
2026-05-04,Local,Mayorista,552000,24
2026-05-04,Local,Mayorista,536000,28
2026-05-04,Local,Mayorista,228000,12
2026-05-04,Local,Mayorista,200000,10
2026-05-04,Local,Mayorista,80000,4
2026-05-04,Local,Minorista,40000,2
2026-05-04,Local,Minorista,25000,1
2026-05-04,Local,Minorista,19000,1
2026-05-02,Local,Minorista,52000,2
2026-05-02,Local,Minorista,50000,2
2026-05-02,Local,Minorista,48000,2
2026-05-02,Local,Minorista,48000,2
2026-05-02,Local,Minorista,48000,2
2026-05-02,Local,Minorista,48000,2
2026-05-02,Local,Minorista,48000,2
2026-05-02,Local,Minorista,48000,2
2026-05-02,Local,Minorista,28000,1
2026-05-02,Local,Minorista,28000,1
2026-05-02,Local,Minorista,25000,1
2026-05-02,Local,Minorista,25000,1
2026-05-02,Local,Minorista,23000,1
2026-04-30,Local,Mayorista,443000,21
2026-04-30,Local,Mayorista,347000,17
2026-04-30,Local,Mayorista,98000,5
2026-04-30,Local,Minorista,24000,1
2026-04-30,Local,Minorista,24000,1
2026-04-29,Local,Mayorista,190000,10
2026-04-29,Local,Minorista,57000,3
2026-04-29,Local,Minorista,57000,3
2026-04-29,Local,Minorista,57000,3
2026-04-28,Local,Mayorista,76000,4
2026-04-28,Local,Minorista,57000,3
2026-04-28,Local,Minorista,48000,2
2026-04-28,Local,Minorista,38000,2
2026-04-28,Local,Minorista,28000,1
2026-04-27,Local,Mayorista,494000,26
2026-04-27,Local,Mayorista,363000,18
2026-04-27,Local,Mayorista,247000,13
2026-04-27,Local,Mayorista,171000,9
2026-04-27,Local,Mayorista,119000,5
2026-04-27,Local,Mayorista,76000,4
2026-04-27,Local,Minorista,28000,1
2026-04-27,Local,Minorista,28000,1
2026-04-27,Local,Minorista,24000,1
2026-04-27,Local,Minorista,24000,1
2026-04-26,Tiendanube,Minorista,42000,2
2026-04-26,Tiendanube,Minorista,121000,5
2026-04-25,Local,Mayorista,323000,17
2026-04-25,Local,Minorista,48000,2
2026-04-25,Local,Minorista,26000,1
2026-04-25,Local,Minorista,25000,1
2026-04-25,Local,Minorista,24000,1
2026-04-25,Local,Minorista,24000,1
2026-04-24,Local,Minorista,57000,3
2026-04-23,Local,Mayorista,496000,25
2026-04-23,Local,Minorista,46000,2
2026-04-23,Local,Minorista,28000,1
2026-04-23,Local,Minorista,24000,1
2026-04-22,Local,Mayorista,114000,6
2026-04-22,Local,Minorista,24000,1
2026-04-21,Local,Mayorista,187000,9
2026-04-21,Local,Minorista,69000,3
2026-04-21,Local,Minorista,57000,3
2026-04-21,Local,Minorista,38000,2
2026-04-21,Local,Minorista,26000,1
2026-04-21,Local,Minorista,19000,1
2026-04-20,Local,Mayorista,420000,22
2026-04-20,Local,Mayorista,276000,12
2026-04-20,Local,Minorista,56000,2
2026-04-20,Local,Minorista,40000,2
2026-04-20,Local,Minorista,40000,2
2026-04-20,Local,Minorista,38000,2
2026-04-18,Local,Mayorista,138000,6
2026-04-18,Local,Mayorista,115000,5
2026-04-18,Local,Minorista,28000,1
2026-04-18,Local,Minorista,26000,1
2026-04-18,Local,Minorista,26000,1
2026-04-18,Local,Minorista,26000,1
2026-04-18,Local,Minorista,26000,1
2026-04-18,Local,Minorista,25000,1
2026-04-18,Local,Minorista,25000,1
2026-04-18,Local,Minorista,25000,1
2026-04-18,Local,Minorista,24000,1
2026-04-18,Local,Minorista,24000,1
2026-04-18,Local,Minorista,24000,1
2026-04-17,Local,Mayorista,171000,9
2026-04-17,Local,Mayorista,76000,4
2026-04-17,Local,Mayorista,76000,4
2026-04-17,Local,Minorista,69000,3
2026-04-17,Local,Minorista,56000,2
2026-04-17,Local,Minorista,28000,1
2026-04-17,Local,Minorista,26000,1
2026-04-17,Local,Minorista,26000,1
2026-04-16,Local,Mayorista,630000,30
2026-04-15,Local,Mayorista,276000,12
2026-04-15,Local,Mayorista,231000,12
2026-04-15,Local,Minorista,60000,3
2026-04-15,Local,Minorista,57000,3
2026-04-15,Local,Minorista,57000,3
2026-04-15,Local,Minorista,38000,2
2026-04-15,Local,Minorista,24000,1
2026-04-14,Local,Mayorista,218000,10
2026-04-14,Local,Mayorista,190000,10
2026-04-14,Local,Mayorista,114000,6
2026-04-14,Local,Mayorista,95000,5
2026-04-14,Local,Minorista,57000,3
2026-04-14,Local,Minorista,57000,3
2026-04-14,Local,Minorista,40000,2
2026-04-14,Local,Minorista,38000,2
2026-04-14,Local,Minorista,38000,2
2026-04-14,Local,Minorista,38000,2
2026-04-14,Local,Minorista,28000,1
2026-04-14,Local,Minorista,26000,1
2026-04-14,Local,Minorista,23000,1
2026-04-14,Local,Minorista,20000,1
2026-04-13,Local,Mayorista,290000,15
2026-04-13,Local,Mayorista,115000,6
2026-04-13,Local,Mayorista,80000,4
2026-04-13,Local,Minorista,57000,3
2026-04-13,Local,Minorista,57000,3
2026-04-13,Local,Minorista,46000,2
2026-04-13,Local,Minorista,40000,2
2026-04-13,Local,Minorista,38000,2
2026-04-13,Local,Minorista,38000,2
2026-04-13,Local,Minorista,23000,1
2026-04-13,Local,Minorista,20000,1
2026-04-11,Local,Minorista,56000,2
2026-04-11,Local,Minorista,56000,2
2026-04-11,Local,Minorista,50000,2
2026-04-11,Local,Minorista,48000,2
2026-04-11,Local,Minorista,38000,2
2026-04-11,Local,Minorista,28000,1
2026-04-11,Local,Minorista,28000,1
2026-04-11,Local,Minorista,24000,1
2026-04-11,Local,Minorista,23000,1
2026-04-11,Local,Minorista,23000,1
2026-04-10,Local,Mayorista,860000,40
2026-04-10,Local,Mayorista,304000,16
2026-04-09,Local,Minorista,69000,3
2026-04-09,Local,Minorista,57000,3
2026-04-09,Local,Minorista,26000,1
2026-04-09,Local,Minorista,24000,1
2026-04-03,Tiendanube,Mayorista,577000,27
